Timestamp,Age in years (round off to nearest integer).  No Units should be entered. Only the number,"Weight (In Kg, round off to nearest integer) No Units should be entered. Only the number",Height (In Inches. Round off to nearest integer).  No Units should be entered. Only the number,Gender,"Write a paragraph on the qualities of a good student. (Minimum 50 words, maximum 100 words)",Distance between your hometown and college.   (In Kilometer. Round off to nearest integer).  No Units should be entered. Only the number,Time taken to reach college from your hometown. (In Hours. Round off to nearest integer).  No Units should be entered. Only the number,District in which your hometown is ,State in which your hometown is 
3/26/2025 16:17:02,21,60,5'3,Female,"A excellent student demonstrates attributes such as devotion, discipline, and curiosity.  They are self-motivated and continually work to comprehend and master their subjects.  They use time management and organisational abilities to properly balance their education, extracurricular activities, and personal lives.  They pay attention in class, ask important questions, and actively participate in discussions.  A good student also has a development mentality, which means they embrace difficulties and learn from their mistakes rather than being afraid of failure.  They also respect their professors and peers, maintaining a cheerful and cooperative attitude.  A successful student is defined further by their hard effort, tenacity, and adaptability.",1800km,74 hrs,Kamrup(M),Assam
3/26/2025 16:18:53,37,101,70,Male,,7,0.25,Durg,Chhattisgarh 
3/26/2025 16:22:28,20,65,5.9,Male,"A good student is disciplined, hardworking and eager to learn. They pay attention in class, complete assignments on time , and ask thoughtful questions. They are respectful to teachers and classmates.",250km,6 hours ,Kanker,Chhattisgarh
3/26/2025 16:23:06,24,69,5.9,Male,"Good students should be disciplined, Attentive , should respect their teacher & parents. ",1100,26 hrs,Patna ,Bihar 
3/26/2025 16:26:11,21,65,170,Male,"A good student is disciplined, curious, and hardworking. They actively participate in class, complete assignments on time, and seek knowledge beyond textbooks. With a growth mindset, they embrace challenges, learn from mistakes, and stay motivated. Good students are also respectful, cooperative, and open to feedback. They manage their time effectively, balancing academics and extracurricular activities. Furthermore, they develop critical thinking skills and apply their knowledge practically. Their persistence and positive attitude help them overcome difficulties, making them lifelong learners. Ultimately, a good student is not just focused on grades but also on developing skills, character, and a thirst for knowledge.
",741km,19hrs,West Singhbhum ,Jharkhand 
3/26/2025 16:26:28,20,80,66,Male,A good student must have discipline in their life. They also  must have perseverance . A good student is one who have punctuality. They take their work seriously. They must listen to their teacher and follow their instructions.A good student must have curiosity and love for learning. They must have good communication skills. They always maintain positive attitude. ,1000,24,Patna,Bihar
3/26/2025 16:26:52,12/03/2006,60,5'4,Female,Good students who follows the rules . Maintenance Decipline in class respect everyone and do all the hard work. ,2km,20min,Durg,Chhattisgarh
3/26/2025 16:28:04,39,74,5'3,Female,"An ideal student has certain qualities like being disciplined, punctual, maintaining balance, patient, and responsible. An ideal student knows the importance of education and is also respectful.",1400,54,Chitradurga ,Karnataka 
3/26/2025 16:28:31,27,55,148,Female,"A good school has well-experienced teachers and staff members who understand these qualities.

They are well-trained to inculcate good habits and qualities in the students. When a student is admitted to a renowned school at the right age, they learn the ideal qualities from the beginning. ",3 km ,10 minutes ,Durg,Chhatisgarh 
3/26/2025 16:31:37,20,55,6,Male,"A good student possesses qualities such as discipline, curiosity, and perseverance. They are dedicated to their studies, manage time effectively, and actively participate in class. Critical thinking and problem-solving skills help them grasp concepts deeply. Respectful towards teachers and peers, they exhibit a positive attitude and eagerness to learn. A good student is also self-motivated, setting goals and working consistently to achieve them. They seek knowledge beyond textbooks, engage in discussions, and embrace challenges. Adaptability and resilience enable them to overcome difficulties and improve continuously. Ultimately, a good student values education and strives for both personal and academic growth.",1600,28,Sitamarhi,Bihar
3/26/2025 16:36:11,21,75,,Male,,1100,26,Kushinagar ,Uttar Pradesh 
3/26/2025 16:37:19,20,60,5'4,Female,"good students always work smarts,punctual with assigned time, has a kind heart with helpful and jolly nature always respect elders and Teachers ",4,0.3,Durg,Chhattisgarh 
3/26/2025 16:38:42,19,60,5’10”,Male,,55,1,Raipur,Chattishgarh
3/26/2025 16:44:15,20,74,70,Male,"A good student is hardworking, disciplined, and eager to learn. They pay attention in class, complete assignments on time, and ask questions to understand better. They respect teachers, help classmates, and stay organized. A good student manages time well, balances studies and activities, and stays motivated. They read books, practice regularly, and never give up on challenges. They listen carefully, take notes, and review lessons daily. A good student is honest, responsible, and confident. They set goals, stay focused, and work hard to achieve success. They learn from mistakes and keep improving. A good student inspires others to do well.

",650,13,Ranchi,Jharkhand
3/26/2025 16:46:08,21,75,74,Male,,900,20,Deoghar ,Jharkhand 
3/26/2025 16:51:46,21,51,64,Male,"Good quality students possess a combination of academic skills, character traits, and habits that contribute to their success, including discipline, time management, motivation, responsibility, and active listening. ",186km,4,Kanker ,Chattisgarh 
3/26/2025 16:52:50,21,48,68.3,Male,"A good student possesses a combination of qualities that enable them to excel academically and personally. They are curious, motivated, and disciplined, with a strong desire to learn and explore new ideas. Good students are also active listeners, effective note-takers, and critical thinkers, able to analyze information and form informed opinions. Additionally, they are resilient, adaptable, and open-minded, with a growth mindset that allows them to learn from failures and setbacks. These qualities help good students to achieve academic success and reach their full potential.",280,7,Korba,Chhattisgarh 
3/26/2025 17:08:26,38,70,5,Female,"Respective, attentive n alwys follows the instructions of teacher n alwys active for any  responsibility given to thm.",5,10,Durg,Chhattisgarh 
3/26/2025 17:14:47,20,72,5.11,Male,"
A good student should be consistent working, polite, have patience, goal oriented and believe in yourself are the qualities of a good student . ",20,15,Sant ravidaas nagar,Uttar pradesh
3/26/2025 17:15:31,22,70,5,Male,"A good student is disciplined, hardworking, and eager to learn. They show curiosity, respect for teachers, and teamwork with peers. Time management, responsibility, and honesty define them. They actively participate in class, complete assignments on time, and strive for excellence. A positive attitude and perseverance make them successful learners.

",950,30,Khagaria ,Bihar
3/26/2025 17:24:07,20,54,5”5,Female,"Discipline, good humour respect everyones have a positive attitude for every person .",20,30 minutes,Durg,Chhattisgarh 
3/26/2025 17:39:04,21,62,5.8,Male,"A student is said to be good, if it persue the qualities like respect to all , follow discipline and keep self- motivated to achieve its goal.",270,10,Raigarh ,Chhattisgarh 
3/26/2025 17:52:58,21,52,5.6,Male,"A good student have to be punctual for time ,well deciplened, curious about to learning/reading. Student have to goal oriented and always respect to others.
Good student also have the another quality is to Time management a student have to manage their time for reading and other works or learning skills . Students must have to be consistency of their study.",400,10,Manendragarh,Chhattisgarh
3/26/2025 18:23:57,19,65,173,,"A good student is someone who not only excels academically but also possesses strong moral values, discipline, and a passion for learning. They are dedicated, hardworking, and curious, always striving to expand their knowledge beyond the classroom",3,20,Durg ,Chhattisgarh 
3/26/2025 18:27:14,24,52,4.11,Female,"A good student demonstrates strong academic performance, actively participates in class, and exhibits respect for teachers and peers. They are also responsible, manage time effectively, and are dedicated to learning, striving for excellence in their studies and personal growth. ",8,25,Durg,Chhattisgarh 
3/26/2025 18:28:09,22,64,5.6,Male,"A good student is disciplined, hardworking, and eager to learn. They actively participate in class, complete assignments on time, and seek knowledge beyond textbooks. Strong time management and organizational skills help them balance studies and extracurricular activities. They are also respectful, attentive, and open to constructive criticism. A good student maintains curiosity, asks questions, and remains persistent despite challenges. They collaborate well with peers, contribute positively to group discussions, and show integrity in their academic work. By staying motivated and striving for excellence, a good student continuously improves and achieves success in both academics and personal growth.",750km.,14 hr,Hazaribagh,Jharkhand
3/26/2025 18:30:33,18,60,66,Male,"A good student is disciplined, curious and hardworking. They manage time well, ask questions and seek knowledge beyond textbook. ",1,20 min,Kanker,Chhattisgarh
3/26/2025 18:32:44,21,54,5.5,Male,"Always on time
Follows schedule 
Clear goal
Clear path to success ",220,8,Kondagaon ,Chhattisgarh 
3/26/2025 18:38:18,21,60,72,Male,"A good student is disciplined, responsible, and eager to learn. They manage their time effectively, complete assignments on schedule, and actively participate in class. Curiosity and critical thinking help them grasp complex concepts, while perseverance ensures they overcome challenges. They respect teachers and classmates, work well in teams, and seek feedback for improvement. Additionally, a good student maintains a growth mindset, staying motivated even in difficult situations. Beyond academics, they engage in extracurricular activities, demonstrating leadership and teamwork. Their strong work ethic, positive attitude, and willingness to learn contribute to both personal and academic success.",1400 km,30,Siwan ,Bihar 
3/26/2025 18:39:13,21,62,72,Male,Discipline,5,10,Durg,Chhattisgarh 
3/26/2025 18:46:48,21,55,5.6,Male,"A students must be discipline in all fields 
Students should behave properly infront of  people.",2,1278,West champaran ,Bihar
3/26/2025 18:56:44,20,73,5.8 inch,Male,"Good Students are someone who follow all the instruction which is circulated by the , Head of Director, faculties and Director of the collages. They  should complete  all the task of their collages like project , Assignment files , Practical files and all the other task  at the given time and the most important things is Discipline, It is the most important factor of a good students. ",1050km,24 hours,Saran,Bihar
3/26/2025 19:12:20,20,65,1.58,Male,"A good student should have several essential qualities. They must have a proper way to manage their time in their day to day life.They are disciplined and organized, managing their time effectively to balance studies, extracurricular activities, and personal life.Respectfulness and good communication skills enable them to collaborate well with teachers and peers, fostering a positive learning environment. They should have strong desire and curiosity to explore the life outside the classroom.",1400,26,Siwan,Bihar 
3/26/2025 19:39:35,20,60,72,Male,"A good student possesses a combination of dedication, curiosity, and discipline. They are eager to learn, actively participate in class, and seek knowledge beyond the classroom. Time management and organizational skills help them balance studies, extracurricular activities, and personal life effectively. They demonstrate perseverance in overcoming academic challenges and maintain a positive attitude toward learning. Respect for teachers, peers, and diverse perspectives fosters a collaborative and enriching environment.",350,9,Bastar,Chhatisgarh
3/26/2025 19:50:15,24 year,55 kg,65 inch,Male,"A good student is disciplined, attentive, and eager to learn. They manage time well, complete assignments on time, and actively participate in class. Respectful to teachers and peers, they seek knowledge beyond textbooks, think critically, and adapt to challenges. Persistence, curiosity, and responsibility define their academic and personal growth.

",5 km,0.33 hour,Durg,Chhattisgarh
3/26/2025 19:51:20,21,51,66,Male,"A good student possesses qualities such as discipline, dedication, and curiosity. They are punctual, responsible, and actively participate in learning. They maintain a positive attitude, seek knowledge beyond textbooks, and are open to feedback. Good students also display perseverance, critical thinking, and effective time management. Additionally, they show respect for teachers and peers, work well in teams, and strive for continuous improvement. Their ability to balance academics with extracurricular activities demonstrates their well-rounded development. Above all, a good student is self-motivated, eager to learn, and committed to personal and academic growth.

",7,0.33,Durg ,C.G
3/26/2025 20:27:46,20,55,66,Male,"A good student possesses qualities such as curiosity, discipline, and perseverance. They are attentive, organized, and actively participate in class. Good students are also self-motivated, set goals, and strive for excellence. They respect their teachers, peers, and the learning process, leading to academic success and personal growth.",6,1,Durg,Chhattisgarh
3/26/2025 20:27:50,20,50,5.9,Male," A good student possesses a combination of qualities that enable them to excel academically and personally. They are curious, motivated, and disciplined, with a strong desire to learn and explore new ideas. Good students are also active listeners
A good student possesses a combination of qualities that enable them to excel academically and personally. They are curious, motivated, and disciplined, with a strong desire to learn and explore new ideas. Good students are also active listeners, effective note-takers, and critical thinkers, able to analyze information and form informed opinions. Additionally, they are resilient, adaptable, and open-minded, with a growth mindset that allows them to learn from failures and setbacks. These qualities enable good students to achieve academic success and reach their full potential.",500km,16 hours,Garhwa,Jharkhand 
3/26/2025 20:58:21,20,42,5',Female,"A good student is disciplined, hardworking, and eager to learn. They actively participate in class, complete assignments on time, and seek knowledge beyond textbooks. Respecting teachers and classmates, they maintain a positive attitude and help others. With strong time management and problem-solving skills, they strive for excellence while staying humble and open to feedback.

",2 kilometres ,30 minutes ,Durg ,Raiypur 
3/26/2025 21:20:13,21,49,59,Female,"A good student is responsible, hardworking, and eager to learn. They manage their time well, balancing studies, social life, and personal growth. Curiosity drives them to ask questions and explore beyond textbooks. They actively participate in class, take notes, and complete assignments on time. A good student is also open to feedback, learning from mistakes instead of being discouraged. They collaborate well with peers, respect teachers, and stay motivated even when things get tough. Most importantly, they have a growth mindset and keep improving.

",690,22,Rohtas,Bihar
3/26/2025 21:36:55,21,70,69 Inches ,Male,"A good student possesses qualities such as dedication, discipline, and curiosity. They are eager to learn, actively participate in class, and complete assignments on time. Strong time management skills help them balance studies and extracurricular activities. They also seek help when needed and remain open to feedback. By staying organized and committed to their goals, they continuously strive for improvement and academic excellence.

",3km,10 min,Durg,Chattisgarh 
3/26/2025 21:41:34,21,62,64,Male,"Good quality students are disciplined, hardworking, and eager to learn. They show curiosity, respect teachers, and actively participate in class. They manage time well, complete assignments on time, and help their peers. Their honesty, responsibility, and determination make them role models, ensuring success in academics and personal growth.

",3,10ati,Durg,Chhattisgarh 
3/26/2025 22:04:49,21,40,62,Female,"A good student is disciplined, responsible, and eager to learn. They complete homework on time and stay organized. They listen carefully in class, ask questions, and think critically. A good student respects teachers and classmates and works well with others. They stay positive, work hard, and never give up, even when things are difficult. Honesty and self-improvement are also important qualities that help them succeed in learning and life.",146,5,Baloda bazar,Chhattisgarh
3/26/2025 22:16:06,19,51,5'5,Female,"A good student possesses a combination of qualities that enable them to excel academically and personally. They are curious, enthusiastic, and motivated, with a love for learning that drives them to explore new ideas and concepts. Good students are also disciplined, organized, and responsible, able to prioritize tasks, manage their time effectively, and meet deadlines. Additionally, they are critical thinkers, able to analyze information, evaluate evidence, and form well-supported opinions. Good students are also open-minded, respectful, and empathetic, able to collaborate with peers, consider different perspectives, and communicate effectively. By cultivating these qualities, students can achieve academic success, develop a growth mindset, and become lifelong learners.",20,30,Durg,Chhatisgarh 
3/26/2025 22:16:15,20,62,72,Male,"A good student possesses a combination of qualities that enable them to excel academically and personally. They are curious, motivated, and disciplined, with a strong desire to learn and explore new ideas. Good students are also organized, managing their time effectively to meet deadlines and balance multiple tasks. Additionally, they are resilient, persevering through challenges and setbacks, and seeking help when needed. Effective communication, active listening, and a growth mindset are also essential qualities of a good student.",2,1,Durg,Chattisgarh 
3/26/2025 22:20:21,20,45,5.3,Female,,300 km,8 hrs,Bastar,Chhattisgarh 
3/26/2025 22:32:53,an,80,73,Male,"A good student is disciplined, responsible, and dedicated to their studies. They have a strong desire to learn, actively participate in class, and complete assignments on time. Good students manage their time effectively, balancing academics and extracurricular activities. They seek knowledge beyond textbooks, ask questions, and are curious about new ideas. Respectful towards teachers and peers, they maintain a positive attitude and handle criticism constructively. Additionally, they show perseverance in overcoming challenges, remain focused on their goals, and strive for personal growth. These qualities make them successful learners and role models for others.

",,5,Nagpur ,Maharashtra 
3/26/2025 22:38:24,19,83,5 feet 11 inches ,Male,"A good student is disciplined, responsible, and dedicated to learning. They manage their time efficiently, prioritize their studies, and actively engage in class discussions. Curiosity drives them to seek deeper understanding, while persistence helps them overcome challenges. They are also respectful to teachers and peers, fostering a positive learning environment. A good student demonstrates both academic commitment and emotional intelligence, balancing hard work with a willingness to grow.",300 km,7hrs,Raigarh,Chhattisgarh
3/26/2025 22:40:49,20,85,5.6,Male,"A good student possesses qualities such as dedication, discipline, and curiosity. They are eager to learn, actively participate in class, and complete assignments on time. Strong time management and organizational skills help them balance studies and extracurricular activities. They also display perseverance, adapting to challenges with a positive mindset. A good student seeks knowledge beyond textbooks, engages in critical thinking, and respects teachers and peers. They maintain integrity by avoiding plagiarism and cheating while striving for self-improvement. Additionally, they welcome feedback, learn from mistakes, and work collaboratively, fostering a positive learning environment for themselves and others.",3,1,Durg,Chhattishgarh
3/26/2025 22:45:23,20,61,72,Male,"Open to learn new skills and maintain discipline , Focus and curiosity to learn new things ",110,4,Kabeerdham ,Chhattisgarh 
3/26/2025 22:45:53,20 years 3 months,59kg,5'3feet,Female,"A good students should be passionate and obedient towards his or her work in whatever genre he or she is interested in. A good student is defined as someone who is actively engaged in learning, demonstrates a strong work ethic, consistently completes assignments on time, participates actively in class, asks thoughtful questions, shows respect for teachers and peers, and is responsible for their own academic progress; often achieving high grades while also demonstrating positive attitudes and behaviors towards learning.
Key qualities of a good student",152Km,148km,Bilaspur ,Chhattisgarh 
3/26/2025 22:46:10,20,55,5.6 inch,Male,I am a good student because I go to college everyday and complete all my work. I respect all my teachers.,1700 km,36,Madhubani ,Bihar
3/26/2025 23:22:27,22,60,5.4,Male,"A good student is disciplined, responsible, and eager to learn. They actively participate in class, complete assignments on time, and seek knowledge beyond the curriculum. They demonstrate curiosity, critical thinking, and problem-solving skills. Respecting teachers and peers, they maintain a positive attitude and work well in teams. Time management and perseverance help them overcome challenges. They are open to feedback and continuously strive for improvement. A good student is also ethical, honest, and maintains academic integrity. Their dedication and enthusiasm for learning contribute to both their personal growth and the success of their peers and community.

",13,0.75,Durg,Chhattisgarh 
3/26/2025 23:41:07,20,67kg,66 inches,Male,"Good students take ownership of their learning and are accountable for their actions and performance. Good students are eager to learn and explore new topics.Good students are able to manage their time effectively, prioritize tasks, and stay focused on their studies, even when faced with distractions. ",1300Km,24 hours ,Gopalganj ,Bihar 
3/26/2025 23:46:33,23,62,5.5inch,Male,"A good student possesses qualities like:

- Curiosity and love for learning
- Discipline and time management
- Critical thinking and problem-solving
- Effective communication and teamwork
- Adaptability and resilience
- Respect for teachers and peers
- Self-motivation and goal-setting.",1300 km,25 hours ,30 km,Bihar 
3/27/2025 0:19:14,21 years,48 kg,66 inches,Female,"I am an active listener , fast learner , hard and smart working student. I am possessive for my work and passionated for my dream.",1500km,30 hours ,Jehanabad ,Bihar 
3/27/2025 0:50:00,21,55,61,Male,"The qualities of a good student are:
1. He/she is punctual and well disciplined in curriculum as well as in life
2. He/she respects all human beings irrespective of their age, relation, seniority or knowledge.
3. He/she always has a attitude of trying irrespective of the results.
4. He/she believes in process rather than in result.
5. He/she manages to hold the full concentration on whatever they do be it study, play, gossips, or any other activity.
6. The common distractions of the world like electronic devices, liquor etc. least bothers them.
7. They give a major attention to their sleep cycle and sleep duration.
According to me, if someone possess much of these qualities he/she would definitely be good at not only studies but also in the real life.",750,25 h,Patna,Bihar
3/27/2025 2:28:05,20,60,157,Female,"A good student is curious, enthusiastic, and motivated.with a passion for learning. Good students are also disciplined, organized, and responsible, effectively managing their time and priorities.They are open-minded, respectful, and empathetic, having positive relationships with teachers and friends. ",600,10,West Singhbhum ,Jharkhand 